player_id,player_lastname,player_firstname
abrinal01,Abrines,Alex
acyqu01,Acy,Quincy
adamsst01,Adams,Steven
adamsja01,Adams,Jaylen
adamsjo01,Adams,Jordan
adebaba01,Adebayo,Bam
adelde01,Adel,Deng
adrieje01,Adrien,Jeff
afflaar01,Afflalo,Arron
ajincal01,Ajinca,Alexis
akoonde01,Akoon-Purcell,DeVaughn
aldemfu01,Aldemir,Furkan
aldrico01,Aldrich,Cole
aldrila01,Aldridge,LaMarcus
alexacl01,Alexander,Cliff
alkinra01,Alkins,Rawle
allengr01,Allen,Grayson
allenla01,Allen,Lavoy
allento01,Allen,Tony
allenja01,Allen,Jarrett
allenka01,Allen,Kadeem
allenra02,Allen,Ray
aminual01,Aminu,Al-Farouq
amundlo01,Amundson,Lou
anderch01,Andersen,Chris
anderal01,Anderson,Alan
anderja01,Anderson,James
anderju01,Anderson,Justin
anderry01,Anderson,Ryan
anderky01,Anderson,Kyle
anigbik01,Anigbogu,Ike
antetgi01,Antetokounmpo,Giannis
antetth01,Antetokounmpo,Thanasis
antetko01,Antetokounmpo,Kostas
anthoca01,Anthony,Carmelo
anthojo01,Anthony,Joel
anticpe01,Antic,Pero
anunoog01,Anunoby,OG
applike01,Appling,Keith
arcidry01,Arcidiacono,Ryan
arizatr01,Ariza,Trevor
armsthi01,Armstrong,Hilton
arthuda01,Arthur,Darrell
artisja01,Artis,Jamel
asikom01,Ask,Omer
augusdj01,Augustin,D.J.
ayongu01,Ayon,Gustavo
pendeje02,Ayres,Jeff
aytonde01,Ayton,Deandre
babbch01,Babb,Chris
babbilu01,Babbitt,Luke
bacondw01,Bacon,Dwayne
baglema01,Bagley,Marvin
bairsca01,Bairstow,Cameron
bakerro01,Baker,Ron
baldwwa01,Baldwin,Wade
balllo01,Ball,Lonzo
bambamo01,Bamba,Mohamed
barbole01,Barbosa,Leandro
bareajo01,Barea,J.J.
bargnan01,Bargnani,Andrea
barnema02,Barnes,Matt
barneha02,Barnes,Harrison
barroea01,Barron,Earl
bartowi01,Barton,Will
bassbr01,Bass,Brandon
bateske01,Bates-Diop,Keita
battish01,Battier,Shane
batumni01,Batum,Nicolas
bayleje01,Bayless,Jerryd
baynear01,Baynes,Aron
bazemke01,Bazemore,Kent
bealbr01,Beal,Bradley
beaslmi01,Beasley,Michael
beaslma01,Beasley,Malik
belinma01,Belinelli,Marco
belljo01,Bell,Jordan
bembrde01,Bembry,DeAndre'
bendedr01,Bender,Dragan
benimje01,Benimon,Jerrelle
bennean01,Bennett,Anthony
bentibe01,Bentil,Ben
bertada01,Bertans,Davis
bertada02,Bertans,Dairis
beverpa01,Beverley,Patrick
bhullsi01,Bhullar,Sim
biedran01,Biedrins,Andris
billuch01,Billups,Chauncey
birchkh01,Birch,Khem
birdja01,Bird,Jabari
biyombi01,Biyombo,Bismack
bjeline01,Bjelica,Nemanja
blackta01,Black,Tarik
blairde01,Blair,DeJuan
blakest01,Blake,Steve
blakean01,Blakeney,Antonio
blatcan01,Blatche,Andray
bledser01,Bledsoe,Eric
blossja01,Blossomgame,Jaron
blueva01,Blue,Vander
boganke01,Bogans,Keith
bogdabo02,Bogdanovic,Bojan
bogdabo01,Bogdanovic,Bogdan
bogutan01,Bogut,Andrew
boldejo01,Bolden,Jonah
bolomjo01,Bolomboy,Joel
bongais01,Bonga,Isaac
bonnema01,Bonner,Matt
bookede01,Booker,Devin
booketr01,Booker,Trevor
boozeca01,Boozer,Carlos
boshch01,Bosh,Chris
bouchch01,Boucher,Chris
bradlav01,Bradley,Avery
bradlto01,Bradley,Tony
brandel01,Brand,Elton
breweco01,Brewer,Corey
brewero02,Brewer,Ronnie
bridgmi01,Bridges,Mikal
bridgmi02,Bridges,Miles
briscis01,Briscoe,Isaiah
broekry01,Broekhoff,Ryan
brogdma01,Brogdon,Malcolm
brookaa01,Brooks,Aaron
brookdi01,Brooks,Dillon
brookma01,Brooks,MarShon
brownan02,Brown,Anthony
brownja02,Brown,Jaylen
brownma02,Brown,Markel
brownlo01,Brown,Lorenzo
brownbo02,Brown,Bobby
brownst02,Brown,Sterling
brownbr01,Brown,Bruce
browntr01,Brown,Troy
brownsh01,Brown,Shannon
brownja01,Brown,Jabari
brunsja01,Brunson,Jalen
brussni01,Brussino,Nicolas
bryanko01,Bryant,Kobe
bryanth01,Bryant,Thomas
budinch01,Budinger,Chase
bullore01,Bullock,Reggie
burketr01,Burke,Trey
burksal01,Burks,Alec
burtode02,Burton,Deonte
butlera01,Butler,Rasual
butleji01,Butler,Jimmy
butleca01,Butler,Caron
buyckdw01,Buycks,Dwight
bynuman01,Bynum,Andrew
bynumwi01,Bynum,Will
cabocbr01,Caboclo,Bruno
calatni01,Calathes,Nick
caldejo01,Calderon,Jose
caldwke01,Caldwell-Pope,Kentavious
canaais01,Canaan,Isaiah
capelca01,Capela,Clint
carrode01,Carroll,DeMarre
cartevi01,Carter,Vince
carteje01,Carter,Jevon
cartewe01,Carter,Wendell
cartemi01,Carter-Williams,Michael
carusal01,Caruso,Alex
casspom01,Casspi,Omri
caulewi01,Cauley-Stein,Willie
caupatr01,Caupain,Troy
cavanty01,Cavanaugh,Tyler
chalmma01,Chalmers,Mario
chandty01,Chandler,Tyson
chandwi01,Chandler,Wilson
chealjo01,Chealey,Joe
cherrwi01,Cherry,Will
childjo01,Childress,Josh
chiozch01,Chiozza,Chris
chrisma01,Chriss,Marquese
chrisra01,Christmas,Rakeem
chrisdi01,Christmas,Dionte
chrisse01,Christon,Semaj
chrispa01,Christopher,Patrick
clarkea01,Clark,Earl
clarkia01,Clark,Ian
clarkga01,Clark,Gary
clarkco01,Clarke,Coty
clarkjo01,Clarkson,Jordan
clavegi01,Clavell,Gian
clavevi01,Claver,Victor
clevean01,Cleveland,Antonius
coleno01,Cole,Norris
collijo01,Collins,John
colliza01,Collins,Zach
collija04,Collins,Jason
colliky01,Collinsworth,Kyle
collini01,Collison,Nick
collida01,Collison,Darren
colsobo01,Colson,Bonzie
conlemi01,Conley,Mike
connapa01,Connaughton,Pat
cookqu01,Cook,Quinn
cookech01,Cooke,Charles
cooleja01,Cooley,Jack
copelch01,Copeland,Chris
costema01,Costello,Matt
cottobr01,Cotton,Bryce
couside01,Cousins,DeMarcus
covinro01,Covington,Robert
crabbal01,Crabbe,Allen
craigto01,Craig,Torrey
crawfjo02,Crawford,Jordan
crawfja01,Crawford,Jamal
creekmi01,Creek,Mitch
crowdja01,Crowder,Jae
cunnida01,Cunningham,Dante
cunnija01,Cunningham,Jared
curryse01,Curry,Seth
curryst01,Curry,Stephen
dalemsa01,Dalembert,Samuel
danietr01,Daniels,Troy
datomlu01,Datome,Luigi
daviebr01,Davies,Brandon
davised01,Davis,Ed
davisan02,Davis,Anthony
davisgl01,Davis,Glen
davisde01,Davis,Deyonta
davisty01,Davis,Tyler
dawkian01,Dawkins,Andre
dawsobr01,Dawson,Branden
dayeau01,Daye,Austin
decolna01,De Colo,Nando
derozde01,DeRozan,DeMar
dedmode01,Dedmon,Dewayne
dejeabr01,Dejean-Jones,Bryce
dekkesa01,Dekker,Sam
delanma01,Delaney,Malcolm
delgaan01,Delgado,Angel
dellama01,Dellavedova,Matthew
denglu01,Deng,Luol
derrima01,Derrickson,Marcus
divindo01,DiVincenzo,Donte
diallch01,Diallo,Cheick
diallha01,Diallo,Hamidou
diawbo01,Diaw,Boris
dienggo01,Dieng,Gorgui
dinwisp01,Dinwiddie,Spencer
doncilu01,Doncic,Luka
dorsety01,Dorsey,Tyler
dorsejo01,Dorsey,Joey
dotsoda01,Dotson,Damyean
douglto01,Douglas,Toney
douglch01,Douglas-Roberts,Chris
doylemi01,Doyle,Milton
doziepj01,Dozier,PJ
dragigo01,Dragic,Goran
dragizo01,Dragic,Zoran
drewla02,Drew,Larry
drumman01,Drummond,Andre
dudleja01,Dudley,Jared
dukandu01,Dukan,Duje
duncati01,Duncan,Tim
dunlemi02,Dunleavy,Mike
dunnkr01,Dunn,Kris
duranke01,Durant,Kevin
duvaltr01,Duval,Trevon
earlycl01,Early,Cleanthony
eddieja01,Eddie,Jarell
edwarvi01,Edwards,Vince
edwarsh01,Edwards,Shane
ellenhe01,Ellenson,Henry
ellinwa01,Ellington,Wayne
ellismo01,Ellis,Monta
elyme01,Ely,Melvin
embiijo01,Embiid,Joel
ennisja01,Ennis,James
ennisty01,Ennis,Tyler
eubandr01,Eubanks,Drew
evansja02,Evans,Jacob
evansja01,Evans,Jawun
evansty01,Evans,Tyreke
evansre01,Evans,Reggie
evansje01,Evans,Jeremy
exumda01,Exum,Dante
ezelife01,Ezeli,Festus
farieke01,Faried,Kenneth
farmajo01,Farmar,Jordan
favervi01,Faverani,Vitor
favorde01,Favors,Derrick
feldeka01,Felder,Kay
feliccr01,Felicio,Cristiano
felixca01,Felix,Carrick
feltora01,Felton,Raymond
fergute01,Ferguson,Terrance
ferreyo01,Ferrell,Yogi
fieldla01,Fields,Landry
finnedo01,Finney-Smith,Dorian
fishede01,Fisher,Derek
forbebr01,Forbes,Bryn
fournev01,Fournier,Evan
foxde01,Fox,De'Aaron
foyera01,Foye,Randy
frankja01,Franklin,Jamaal
fraziti01,Frazier,Tim
frazime01,Frazier,Melvin
fredeji01,Fredette,Jimmer
freeljo01,Freeland,Joel
fryech01,Frye,Channing
fultzma01,Fultz,Markelle
gallida01,Gallinari,Danilo
gallola01,Galloway,Langston
garcifr01,Garcia,Francisco
garinpa01,Garino,Patricio
garneke01,Garnett,Kevin
garredi02,Garrett,Diante
garrebi01,Garrett,Billy
gasolpa01,Gasol,Pau
gasolma01,Gasol,Marc
gayru01,Gay,Rudy
gbinimi01,Gbinije,Michael
geeal01,Gee,Alonzo
georgpa01,George,Paul
georgma01,Georges-Hunt,Marcus
gibsota01,Gibson,Taj
gibsojo01,Gibson,Jonathan
gilesha01,Giles,Harry
gilgesh01,Gilgeous-Alexander,Shai
ginobma01,Ginobili,Manu
goberru01,Gobert,Rudy
gomesry01,Gomes,Ryan
goodedr01,Gooden,Drew
goodwar01,Goodwin,Archie
goodwbr01,Goodwin,Brandon
gordoaa01,Gordon,Aaron
gordoer01,Gordon,Eric
gordodr01,Gordon,Drew
gordobe01,Gordon,Ben
gortama01,Gortat,Marcin
goudean01,Goudelock,Andrew
grahade01,Graham,Devonte'
grahatr01,Graham,Treveon
grangda01,Granger,Danny
grantje01,Grant,Jerami
grantje02,Grant,Jerian
grantdo01,Grantham,Donte
grayaa01,Gray,Aaron
grayjo01,Gray,Josh
greenge01,Green,Gerald
greener01,Green,Erick
greendr01,Green,Draymond
greenda02,Green,Danny
greenja01,Green,JaMychal
greenje02,Green,Jeff
greenwi01,Green,Willie
griffbl01,Griffin,Blake
gutiejo01,Gutierrez,Jorge
hairspj02,Hairston,P.J.
hamilda02,Hamilton,Daniel
hamilju01,Hamilton,Justin
hamiljo02,Hamilton,Jordan
hammoaj01,Hammons,A.J.
hannadu01,Hannahs,Dusty
hansbty01,Hansbrough,Tyler
hardati02,Hardaway,Tim
hardeja01,Harden,James
harklma01,Harkless,Maurice
harpeju01,Harper,Justin
harremo01,Harrell,Montrezl
harrejo01,Harrellson,Josh
harrial01,Harrington,Al
harrito02,Harris,Tobias
harrijo01,Harris,Joe
harride01,Harris,Devin
harriga01,Harris,Gary
harrima01,Harris,Manny
harrimi01,Harris,Mike
harriel01,Harris,Elias
harrian01,Harrison,Andrew
harriaa01,Harrison,Aaron
harrish01,Harrison,Shaquille
hartjo01,Hart,Josh
harteis01,Hartenstein,Isaiah
hasleud01,Haslem,Udonis
hawessp01,Hawes,Spencer
hayesch01,Hayes,Chuck
hayesni01,Hayes,Nigel
haywago01,Hayward,Gordon
haywobr01,Haywood,Brendan
hearnre01,Hearn,Reggie
hendege02,Henderson,Gerald
henryxa01,Henry,Xavier
henrymy01,Henry,Myke
hensojo01,Henson,John
hernaju01,Hernangomez,Juan
hernawi01,Hernangomez,Willy
hezonma01,Hezonja,Mario
hibbero01,Hibbert,Roy
hicksis01,Hicks,Isaiah
hicksjj01,Hickson,J.J.
hieldbu01,Hield,Buddy
highsha01,Highsmith,Haywood
hilarne01,Hilario,Nene
hillge01,Hill,George
hilljo01,Hill,Jordan
hillso01,Hill,Solomon
hillida01,Hilliard,Darrun
hinriki01,Hinrich,Kirk
holidjr01,Holiday,Jrue
holidju01,Holiday,Justin
holidaa01,Holiday,Aaron
hollajo02,Holland,John
holliry01,Hollins,Ryan
holliro01,Hollis-Jefferson,Rondae
holmeri01,Holmes,Richaun
hoodro01,Hood,Rodney
hopsosc01,Hopson,Scotty
horfoal01,Horford,Al
houseda01,House,Danuel
howardw01,Howard,Dwight
hudsole01,Hudson,Lester
huertma01,Huertas,Marcelo
huertke01,Huerter,Kevin
huestjo01,Huestis,Josh
hummero01,Hummel,Robbie
humphkr01,Humphries,Kris
humphis01,Humphries,Isaac
hunterj01,Hunter,R.J.
huntevi01,Hunter,Vince
hutchch01,Hutchison,Chandler
ibakase01,Ibaka,Serge
iguodan01,Iguodala,Andre
ilyaser01,Ilyasova,Ersan
inglejo01,Ingles,Joe
inglida01,Inglis,Damien
ingraan01,Ingram,Andre
ingrabr01,Ingram,Brandon
irvinky01,Irving,Kyrie
isaacjo01,Isaac,Jonathan
iveyro01,Ivey,Royal
iwundwe01,Iwundu,Wesley
jackja01,Jack,Jarrett
jacksaa01,Jackson,Aaron
jacksde01,Jackson,Demetrius
jacksjo02,Jackson,Josh
jacksfr01,Jackson,Frank
jackspi01,Jackson,Pierre
jacksju01,Jackson,Justin
jacksre01,Jackson,Reggie
jacksja02,Jackson,Jaren
jacksst02,Jackson,Stephen
jamesmi02,James,Mike
jamesle01,James,LeBron
jamesmi01,James,Mike
jamesda01,James,Damion
jamesbe01,James,Bernard
jamisan01,Jamison,Antawn
jeffeot01,Jeffers,Othyus
jeffeco01,Jefferson,Cory
jeffeal01,Jefferson,Al
jeffeam01,Jefferson,Amile
jefferi01,Jefferson,Richard
jenkijo01,Jenkins,John
jennibr01,Jennings,Brandon
jerebjo01,Jerebko,Jonas
jerregr01,Jerrett,Grant
johnsch04,Johnson,Chris
johnsja01,Johnson,James
johnsjo02,Johnson,Joe
johnsni01,Johnson,Nick
johnswe01,Johnson,Wesley
johnsty01,Johnson,Tyler
johnsst04,Johnson,Stanley
johnsor01,Johnson,Orlando
johnsam01,Johnson,Amir
johnsbr02,Johnson,Brice
johnsom01,Johnson,Omari
johnsda04,Johnson,Dakari
johnsal02,Johnson,Alize
johnsbj01,Johnson,B.J.
johnsda03,Johnson-Odom,Darius
jokicni01,Jokic,Nikola
jonesso01,Jones,Solomon
jonesda02,Jones,Dahntay
jonesja02,Jones,James
jonesty01,Jones,Tyus
joneste01,Jones,Terrence
jonesja04,Jones,Jalen
jonespe01,Jones,Perry
jonesje01,Jones,Jemerrio
jonesda03,Jones,Damian
jonesde02,Jones,Derrick
jordade01,Jordan,DeAndre
jordaje01,Jordan,Jerome
josepco01,Joseph,Cory
kamanch01,Kaman,Chris
kaminfr01,Kaminsky,Frank
kanteen01,Kanter,Enes
karasse01,Karasev,Sergey
kaunsa01,Kaun,Sasha
kellyry01,Kelly,Ryan
kennalu01,Kennard,Luke
kiddgmi01,Kidd-Gilchrist,Michael
kilpase01,Kilpatrick,Sean
kingge03,King,George
kirilan01,Kirilenko,Andrei
kirkal01,Kirk,Alex
klebima01,Kleber,Maxi
knighbr03,Knight,Brandon
knoxke01,Knox,Kevin
korkmfu01,Korkmaz,Furkan
kornelu01,Kornet,Luke
korveky01,Korver,Kyle
koufoko01,Koufos,Kosta
kravtvi01,Kravtsov,Viacheslav
kurucro01,Kurucs,Rodions
kuzmaky01,Kuzma,Kyle
kuzmiog01,Kuzmic,Ognjen
kuzmimi01,Kuzminskas,Mindaugas
lavinza01,LaVine,Zach
labissk01,Labissiere,Skal
lambje01,Lamb,Jeremy
lambdo01,Lamb,Doron
landrca01,Landry,Carl
laproni01,Laprovittola,Nicolas
larkish01,Larkin,Shane
lauvejo01,Lauvergne,Joffrey
lawsoty01,Lawson,Ty
laymaja01,Layman,Jake
leverca01,LeVert,Caris
leaftj01,Leaf,T.J.
ledori01,Ledo,Ricky
leeda02,Lee,David
leeco01,Lee,Courtney
leema01,Lee,Malcolm
leeda03,Lee,Damion
lemonwa01,Lemon,Walt
lenal01,Len,Alex
leoname01,Leonard,Meyers
leonaka01,Leonard,Kawhi
leuerjo01,Leuer,Jon
lewisra02,Lewis,Rashard
liggide01,Liggins,DeAndre
lillada01,Lillard,Damian
linje01,Lin,Jeremy
livinsh01,Livingston,Shaun
loftoza01,Lofton,Zach
longsh01,Long,Shawn
looneke01,Looney,Kevon
lopezbr01,Lopez,Brook
lopezro01,Lopez,Robin
loveke01,Love,Kevin
lowryky01,Lowry,Kyle
loydjo01,Loyd,Jordan
lucaska01,Lucas,Kalin
lucasjo02,Lucas III,John
luwawti01,Luwawu-Cabarrot,Timothe
lydonty01,Lydon,Tyler
lylestr01,Lyles,Trey
mcclesh01,Mac,Sheldon
machasc01,Machado,Scott
macksh01,Mack,Shelvin
maconda01,Macon,Daryl
macurjp01,Macura,J.P.
magetjo01,Magette,Josh
mahinia01,Mahinmi,Ian
makerth01,Maker,Thon
marblde01,Marble,Devyn
mariosh01,Marion,Shawn
marjabo01,Marjanovic,Boban
markkla01,Markkanen,Lauri
marshke01,Marshall,Kendall
martija01,Martin,Jarell
martica01,Martin,Cartier
martike02,Martin,Kevin
martike01,Martin,Kenyon
masonro01,Mason,Roger
masonfr01,Mason,Frank
matenya01,Maten,Yante
mathima01,Mathiang,Mangok
matthwe02,Matthews,Wesley
maxieja01,Maxiell,Jason
maynoer01,Maynor,Eric
mayooj01,Mayo,O.J.
mbahalu01,Mbah-a-Moute,Luc
mccalta01,McCall,Tahjere
mccalra01,McCallum,Ray
mccawpa01,McCaw,Patrick
mccolcj01,McCollum,CJ
mccontj01,McConnell,T.J.
mccreer01,McCree,Erik
mcculch01,McCullough,Chris
mcdankj01,McDaniels,K.J.
mcderdo01,McDermott,Doug
mcgarmi01,McGary,Mitch
mcgeeja01,McGee,JaVale
mcgruro01,McGruder,Rodney
mckintr01,McKinney-Jones,Trey
mckinal01,McKinnie,Alfonzo
mclembe01,McLemore,Ben
mcneaje01,McNeal,Jerel
mcraejo01,McRae,Jordan
mcrobjo01,McRoberts,Josh
meeksjo01,Meeks,Jodie
mejrisa01,Mejri,Salah
mekelga01,Mekel,Gal
meltode01,Melton,De'Anthony
metuch01,Metu,Chimezie
mcadoja01,Michael McAdoo,James
mickejo01,Mickey,Jordan
middlkh01,Middleton,Khris
milescj01,Miles,C.J.
millequ01,Miller,Quincy
milleda01,Miller,Darius
millean02,Miller,Andre
millema01,Miller,Malcolm
millemi01,Miller,Mike
millspa02,Mills,Patty
millsel01,Millsap,Elijah
millspa01,Millsap,Paul
miltosh01,Milton,Shake
mirotni01,Mirotic,Nikola
mitchdo01,Mitchell,Donovan
mitchto03,Mitchell,Tony
mitchto02,Mitchell,Tony
mitrona01,Mitrou-Long,Naz
mohamna01,Mohammed,Nazr
monkma01,Monk,Malik
monrogr01,Monroe,Greg
montelu01,Montero,Luis
mooreet01,Moore,E'Twaun
moorebe01,Moore,Ben
moreler01,Moreland,Eric
morrima03,Morris,Marcus
morrima02,Morris,Markieff
morrimo01,Morris,Monte
morrija01,Morris,Jaylen
morrida01,Morris,Darius
morroan01,Morrow,Anthony
motiedo01,Motiejunas,Donatas
motlejo01,Motley,Johnathan
moultar01,Moultrie,Arnett
mozgoti01,Mozgov,Timofey
mudiaem01,Mudiay,Emmanuel
muhamsh01,Muhammad,Shabazz
mulleby01,Mullens,Byron
munfoxa02,Munford,Xavier
murpher01,Murphy,Erik
murraja01,Murray,Jamal
murrade01,Murray,Dejounte
murryto01,Murry,Toure'
musadz01,Musa,Dzanan
muscami01,Muscala,Mike
mykhasv01,Mykhailiuk,Sviatoslav
ndiayha01,N'Diaye,Hamady
naderab01,Nader,Abdel
nancela02,Nance,Larry
napiesh01,Napier,Shabazz
nashst01,Nash,Steve
ndourma01,Ndour,Maurice
nealga01,Neal,Gary
nedovne01,Nedovic,Nemanja
nelsoja01,Nelson,Jameer
netora01,Neto,Raul
niangge01,Niang,Georges
nichoan01,Nicholson,Andrew
noahjo01,Noah,Joakim
noelne01,Noel,Nerlens
noguelu01,Nogueira,Lucas
novakst01,Novak,Steve
nowitdi01,Nowitzki,Dirk
ntilila01,Ntilikina,Frank
nunnaja01,Nunnally,James
nurkiju01,Nurkic,Jusuf
nwabada01,Nwaba,David
obriejj01,O'Brien,J.J.
obryajo01,O'Bryant,Johnny
onealje01,O'Neal,Jermaine
onealro01,O'Neale,Royce
oquinky01,O'Quinn,Kyle
ochefda01,Ochefu,Daniel
odengr01,Oden,Greg
ojelese01,Ojeleye,Semi
okafoem01,Okafor,Emeka
okafoja01,Okafor,Jahlil
okoboel01,Okobo,Elie
okogijo01,Okogie,Josh
oladivi01,Oladipo,Victor
olynyke01,Olynyk,Kelly
onuakar01,Onuaku,Arinze
onuakch01,Onuaku,Chinanu
ortonda01,Orton,Daniel
osmande01,Osman,Cedi
oubreke01,Oubre,Kelly
outlatr01,Outlaw,Travis
pachuza01,Pachulia,Zaza
paigema01,Paige,Marcus
papagge01,Papagiannis,Georgios
papanko01,Papanikolaou,Kostas
pargoja01,Pargo,Jannero
parketo01,Parker,Tony
parkeja01,Parker,Jabari
parsoch01,Parsons,Chandler
pattepa01,Patterson,Patrick
pattela01,Patterson,Lamar
pattoju01,Patton,Justin
paulch01,Paul,Chris
paulbr01,Paul,Brandon
payneca01,Payne,Cameron
paynead01,Payne,Adreian
paytoel01,Payton,Elfrid
paytoga02,Payton,Gary
pekovni01,Pekovic,Nikola
perkike01,Perkins,Kendrick
perralo01,Perrantes,London
peteral01,Peters,Alec
piercpa01,Pierce,Paul
pinsoth01,Pinson,Theo
pittmde01,Pittman,Dexter
pleisti01,Plei,Tibor
plumlmi01,Plumlee,Miles
plumlma01,Plumlee,Mason
plumlma02,Plumlee,Marshall
poeltja01,Poltl,Jakob
pondequ01,Pondexter,Quincy
porteot01,Porter,Otto
portibo01,Portis,Bobby
porzikr01,Porzingis,Kristaps
poweldw01,Powell,Dwight
powelno01,Powell,Norman
poweljo01,Powell,Josh
poythal01,Poythress,Alex
pressph01,Pressey,Phil
priceaj01,Price,A.J.
pricero01,Price,Ronnie
prigipa01,Prigioni,Pablo
princta01,Prince,Tayshaun
pulleja01,Pullen,Jacob
purviro01,Purvis,Rodney
qizh01,Qi,Zhou
quartti01,Quarterman,Tim
rabbiv01,Rabb,Ivan
radulmi01,Raduljica,Miroslav
randlju01,Randle,Julius
randlch01,Randle,Chasson
randoza01,Randolph,Zach
randoan01,Randolph,Anthony
randosh01,Randolph,Shavlik
rathaxa01,Rathan-Mayes,Xavier
redicjj01,Redick,J.J.
reedwi02,Reed,Willie
reedda01,Reed,Davon
reynoca01,Reynolds,Cameron
ricegl02,Rice,Glen
richama01,Richardson,Malachi
richajo01,Richardson,Josh
richaja01,Richardson,Jason
ridnolu01,Ridnour,Luke
riverau01,Rivers,Austin
roberan03,Roberson,Andre
roberbr01,Roberts,Brian
robinmi01,Robinson,Mitchell
robinje01,Robinson,Jerome
robingl02,Robinson,Glenn
robinna01,Robinson,Nate
robinth01,Robinson,Thomas
robindu01,Robinson,Duncan
robinde01,Robinson,Devin
rodrise01,Rodriguez,Sergio
rondora01,Rondo,Rajon
rosede01,Rose,Derrick
rosste01,Ross,Terrence
roziete01,Rozier,Terry
rubiori01,Rubio,Ricky
rudezda01,Rudez,Damjan
rushbr01,Rush,Brandon
russeda01,Russell,D'Angelo
sabondo01,Sabonis,Domantas
sacrero01,Sacre,Robert
salmojo01,Salmons,John
sampsja02,Sampson,JaKarr
sampsbr01,Sampson,Brandon
sandela01,Sanders,Larry
saricda01,Saric,Dario
satorto01,Satoransky,Tomas
schrode01,Schroder,Dennis
scolalu01,Scola,Luis
scottmi01,Scott,Mike
sefolth01,Sefolosha,Thabo
seldewa01,Selden,Wayne
serapke01,Seraphin,Kevin
sessira01,Sessions,Ramon
sextoco01,Sexton,Collin
shakumu01,Shakur,Mustafa
shamela01,Shamet,Landry
shengto01,Shengelia,Tornike
shumpim01,Shumpert,Iman
shvedal01,Shved,Alexey
siakapa01,Siakam,Pascal
siberjo01,Sibert,Jordan
silasxa01,Silas,Xavier
simmobe01,Simmons,Ben
simmojo02,Simmons,Jonathon
simmoko01,Simmons,Kobi
simonan01,Simons,Anfernee
simshe01,Sims,Henry
singlky01,Singler,Kyle
singlch01,Singleton,Chris
sivape01,Siva,Peyton
sloando01,Sloan,Donald
smartma01,Smart,Marcus
smithis01,Smith,Ish
smithja02,Smith,Jason
smithjo03,Smith,Josh
smithru01,Smith,Russ
smithjr01,Smith,J.R.
smithgr02,Smith,Greg
smithde03,Smith,Dennis
smithzh01,Smith,Zhaire
smithch05,Smith,Chris
snellto01,Snell,Tony
southja01,Southerland,James
spaldra01,Spalding,Ray
speigma01,Speights,Marreese
spellom01,Spellman,Omari
splitti01,Splitter,Tiago
stausni01,Stauskas,Nik
stephdj01,Stephens,D.J.
stephla01,Stephenson,Lance
stephal01,Stepheson,Alex
stiemgr01,Stiemsma,Greg
stockda01,Stockton,David
stokeja01,Stokes,Jarnell
stoneju01,Stone,Julyan
stonedi01,Stone,Diamond
stoudam01,Stoudemire,Amar'e
stuckro01,Stuckey,Rodney
sullija01,Sullinger,Jared
sumneed01,Sumner,Edmond
swanica01,Swanigan,Caleb
tatumja01,Tatum,Jayson
tavarwa01,Tavares,Edy
tayloty01,Taylor,Tyshawn
tayloje03,Taylor,Jeffery
taylois01,Taylor,Isaiah
teaguje01,Teague,Jeff
teaguma01,Teague,Marquis
teletmi01,Teletovic,Mirza
telfase01,Telfair,Sebastian
templga01,Temple,Garrett
teodomi01,Teodosic,Milos
terreja01,Terrell,Jared
terryem01,Terry,Emanuel
terryja01,Terry,Jason
thabeha01,Thabeet,Hasheem
theisda01,Theis,Daniel
thomais02,Thomas,Isaiah
thomala01,Thomas,Lance
thomakh01,Thomas,Khyri
thomaad01,Thomas,Adonis
thomama01,Thomas,Malcolm
thomaty01,Thomas,Tyrus
thompho01,Thompson,Hollis
thompja02,Thompson,Jason
thomptr01,Thompson,Tristan
thompkl01,Thompson,Klay
thornma01,Thornton,Marcus
thornsi01,Thornwell,Sindarius
tinslja01,Tinsley,Jamaal
tobeymi01,Tobey,Mike
tollian01,Tolliver,Anthony
toupaax01,Toupane,Axel
townska01,Towns,Karl-Anthony
trentga02,Trent,Gary
trieral01,Trier,Allonzo
tuckepj01,Tucker,P.J.
turiaro01,Turiaf,Ronny
turkohe01,Turkoglu,Hedo
turnemy01,Turner,Myles
turneev01,Turner,Evan
tylerje01,Tyler,Jeremy
udohek01,Udoh,Ekpe
udrihbe01,Udrih,Beno
ulisty01,Ulis,Tyler
uthofja01,Uthoff,Jarrod
valanjo01,Valanciunas,Jonas
valende01,Valentine,Denzel
vanvlfr01,VanVleet,Fred
vandeja01,Vanderbilt,Jarred
varejan01,Varejao,Anderson
varnaja01,Varnado,Jarvis
vasqugr01,Vasquez,Greivis
vaughra01,Vaughn,Rashad
veselja01,Vesely,Jan
villach01,Villanueva,Charlie
vonleno01,Vonleh,Noah
vucevni01,Vucevic,Nikola
vujacsa01,Vujacic,Sasha
wadedw01,Wade,Dwyane
wagnemo01,Wagner,Moritz
waitedi01,Waiters,Dion
walkeke02,Walker,Kemba
walkebi01,Walker,Henry
walkelo01,Walker,Lonnie
walljo01,Wall,John
wallage01,Wallace,Gerald
wallaty01,Wallace,Tyrone
princta02,Waller-Prince,Taurean
waltode01,Walton,Derrick
wanambr01,Wanamaker,Brad
wareca01,Ware,Casper
warneja01,Warney,Jameel
warretj01,Warren,T.J.
washbju01,Washburn,Julian
watanyu01,Watanabe,Yuta
watsoea01,Watson,Earl
watsocj01,Watson,C.J.
waynsma01,Wayns,Maalik
weartr01,Wear,Travis
wearda01,Wear,David
webbja01,Webb,James
weberbr01,Weber,Briante
webstma02,Webster,Martell
weemsso01,Weems,Sonny
welshth01,Welsh,Thomas
westda01,West,David
westbru01,Westbrook,Russell
whiteok01,White,Okaro
whitede01,White,Derrick
whitedj01,White,D.J.
whitero03,White,Royce
whitean01,White,Andrew
whiteis01,Whitehead,Isaiah
whiteha01,Whiteside,Hassan
whittsh01,Whittington,Shayne
wiggian01,Wiggins,Andrew
wilcocj01,Wilcox,C.J.
wileyja01,Wiley,Jacob
wilkida02,Wilkins,Damien
willide02,Williams,Derrick
willitr02,Williams,Troy
williel01,Williams,Elliot
willide01,Williams,Deron
willilo02,Williams,Lou
willish03,Williams,Shawne
willima01,Williams,Mo
willima02,Williams,Marvin
willial03,Williams,Alan
willire02,Williams,Reggie
willike04,Williams,Kenrich
willicj01,Williams,C.J.
willijo04,Williams,Johnathan
willima05,Williams,Matt
williro04,Williams,Robert
wilsoja02,Wilson,Jamil
wilsodj01,Wilson,D.J.
wiltjky01,Wiltjer,Kyle
winslju01,Winslow,Justise
witheje01,Withey,Jeff
woltena01,Wolters,Nate
woodch01,Wood,Christian
artesro01,World Peace,Metta
wrighde01,Wright,Delon
wrighbr03,Wright,Brandan
wrighch01,Wright,Chris
wrighdo01,Wright,Dorell
wroteto01,Wroten,Tony
yabusgu01,Yabusele,Guerschon
youngth01,Young,Thaddeus
youngni01,Young,Nick
youngjo01,Young,Joe
youngja01,Young,James
youngtr01,Young,Trae
zellety01,Zeller,Tyler
zelleco01,Zeller,Cody
zimmest01,Zimmerman,Stephen
zipsepa01,Zipser,Paul
zizican01,Zizic,Ante
zubaciv01,Zubac,Ivica
